person_id,person_trip_id,trip_list_id_num,pf_iteration,pathnum,linkmode,trip_id_num,A_id_num,B_id_num,A_seq,B_seq,pf_A_time,pf_B_time,pf_linktime min,pf_linkfare,pf_linkcost,pf_linkdist,pf_waittime min,linknum,A_id,B_id,A_lat,A_lon,B_lat,B_lon,trip_id,route_id,mode_num,mode,A_zone_id,B_zone_id,chosen,bump_iter,board_state,board_time,overcap,overcap_frac,alight_time,alight_delay_min,new_A_time,new_B_time,new_linktime min,new_waittime min,missed_xfer,fare,fare_period,from_fare_period,transfer_fare_type,transfer_fare,free_transfer,distance,sim_cost,iteration,pathfinding_iteration
frogger,0,1,1.0100000000,2,access,,6,5,-1,-1,15:01:36,15:02:00,0.4000000000,0.0000000000,6.0000000000,0.0200000000,,0,ZO,L1,,,37.7608400000,-122.4992300000,,,101.0000000000,walk_access,,,iter1.01 sim0,,,,,,,0.0000000000,15:01:36,15:02:00,0.4000000000,,0,0.0000000000,,,,,,0.0200000000,6.0000000000,1,1
frogger,0,1,1.0100000000,2,transit,1.0000000000,5,4,1,2,15:02:00,15:09:00,7.0000000000,1.0000000000,9.3529411765,1.7722390364,0.0000000000,1,L1,L2,37.7608400000,-122.4992300000,37.7621600000,-122.4668300000,lr_trip1,LR,302.0000000000,light_rail,,,iter1.01 sim0,,board_easy,15:02:00,-15.0000000000,,15:09:00,0.0000000000,15:02:00,15:09:00,7.0000000000,0.0000000000,0,1.0000000000,default_fare_id_allday,,,,0.0000000000,1.7722390364,9.3529411765,1,1
frogger,0,1,1.0100000000,2,egress,,4,7,-1,-1,15:09:00,15:16:27,7.4500000000,0.0000000000,14.9000000000,0.3725000000,,2,L2,ZD,37.7621600000,-122.4668300000,,,,,201.0000000000,walk_egress,,,iter1.01 sim0,,,,,,,0.0000000000,15:09:00,15:16:27,7.4500000000,,0,0.0000000000,,,,,,0.3725000000,14.9000000000,1,1
