person_id,person_trip_id,trip_list_id_num,pathdir,pathmode,pf_iteration,pathnum,pf_cost,pf_fare,pf_probability,pf_initcost,pf_initfare,description,chosen,bump_iter,missed_xfer,sim_cost,ln_PS,logsum_component,logsum,probability,iteration,pathfinding_iteration,simulation_iteration
frogger,0,1,2,transit,1.0100000000,0,30.2529411765,1.0000000000,0.3333333333,30.2529411765,1.0000000000,ZO walk_access S1 local_bus Bus_bus_trip1 S3 walk_egress ZD,unchosen,,0,30.2529411765,-0.3122320419,0.0000000000,0.0000000000,0.2970469021,1,1,2
frogger,0,1,2,transit,1.0100000000,1,30.2529411765,1.0000000000,0.3333333333,30.2529411765,1.0000000000,ZO walk_access S1 local_bus Bus_bus_trip1 S2 walk_egress ZD,unchosen,,0,30.2529411765,-0.3122320419,0.0000000000,0.0000000000,0.2970469021,1,1,2
frogger,0,1,2,transit,1.0100000000,2,30.2529411765,1.0000000000,0.3333333333,30.2529411765,1.0000000000,ZO walk_access L1 light_rail LR_lr_trip1 L2 walk_egress ZD,iter1.01 sim0,,0,30.2529411765,0.0000000000,0.0000000000,0.0000000000,0.4059061957,1,1,2
